salto_id,type,title,dates,city,country,deadline_iso,deadline_raw,participants_countries,summary,url
14749,Training Course,"Stronger Minds, Stronger Communities",22-28 May 2026,Astudillo (Palencia),Spain,2026-05-07,7 May 2026,"Bulgaria, Greece, Italy, Jordan, Republic of North Macedonia, Spain","""Stronger Minds, Stronger Communities"" tackles youth mental health through a holistic approach. It equips youth workers with CBT tools to identify negative thoughts, foster resilience, and empower youth to navigate daily challenges effectively.",https://www.salto-youth.net/tools/european-training-calendar/training/stronger-minds-stronger-communities.14749/
14759,Training Course,Methods Matter,26 May - 1 June 2026,Pinos Genil (Granada),Spain,2026-05-07,7 May 2026,Erasmus+ Youth Programme countries,Methods Matter is a training course designed as a practical and focused learning space for newcomers’ youth leaders and youth workers who want to explore and strengthen their understanding of methodologies used in Erasmus+ Youth Exchanges.,https://www.salto-youth.net/tools/european-training-calendar/training/methods-matter.14759/
14734,Training Course,Creative training for non-creative youth workers 2.0,23-30 May 2026,Rozewie,Poland,2026-05-07,7 May 2026,Erasmus+ Youth Programme countries,"This training is for youth workers who don’t see themselves as creative but are curious to explore new ways of thinking, expressing, and working with young people. If you’re open to experimenting and rediscovering playfulness, this experience is for you.",https://www.salto-youth.net/tools/european-training-calendar/training/creative-training-for-non-creative-youth-workers-2-0.14734/
14744,Seminar,GameIN: Gamified and Digital Methods for Youth Participation,8 May 2026,Online,Italy,2026-05-07,7 May 2026,"Erasmus+ Youth Programme countries , Partner Countries Neighbouring the EU","How gamification could be use as a tool to enhance youth participation in civic and political life? Through innovative methods and practical examples, participants will explore how game-based approaches can motivate young people to actively engage.",https://www.salto-youth.net/tools/european-training-calendar/training/gamein-gamified-and-digital-methods-for-youth-participation.14744/
14703,Training Course,Art Well,14-21 June 2026,Fonyód,Hungary,2026-05-08,8 May 2026,"Austria, Czech Republic, Hungary, Ukraine","“Art Well - International Training on Art-Based Self-Care and Well-Being” brings together youth workers from AU, CZ, UA and HU to explore and exchange art-based approaches that support self-care, mental well-being, and inclusive youth work practice.",https://www.salto-youth.net/tools/european-training-calendar/training/art-well.14703/
14757,Seminar,Participate! – Empowering Youth in Europe,23-30 May 2026,Berlin,Germany,2026-05-08,8 May 2026,Erasmus+ Youth Programme countries,"Empower youth for Europe’s future! Join our 1-week workshop to strengthen participation, tackle challenges & connect with changemakers across Europe.",https://www.salto-youth.net/tools/european-training-calendar/training/participate-empowering-youth-in-europe.14757/
14768,Training Course,Finding Your Voice - HU,25 August - 1 September 2026,Répáshuta,Hungary,2026-05-10,10 May 2026,"Belarus, Germany, Hungary, Ireland, Italy, Lithuania, Malta, Poland, Spain, Türkiye","Finding Your Voice is an Erasmus+ supported training course, realised in Hungary, for youth workers, artists and educators designed to provide the opportunity to explore and develop the use of voice and singing as a methodology.",https://www.salto-youth.net/tools/european-training-calendar/training/finding-your-voice-hu.14768/
14783,Training Course,Looking for sending organizations for EuroPat (YE),15-20 June 2026,Madrid,Spain,2026-05-10,10 May 2026,"Erasmus+ Youth Programme countries , Partner Countries Neighbouring the EU","EuroPath is a youth exchange that takes you on a journey through the European youth projects world through doing, discussing and co-creating with peers from across Europe.",https://www.salto-youth.net/tools/european-training-calendar/training/looking-for-sending-organizations-for-europat-ye.14783/
14770,Training Course,Hear Me Out. How to Use Participatory Audio for Supporting Young People,1-9 June 2026,Baltic Sea area,Poland,2026-05-10,10 May 2026,"Erasmus+ Youth Programme countries , Partner Countries Neighbouring the EU",Here Me Out is a 7 days long training focused on providing the participating youth workers with digital based tools and methods (audio / voice recording / storytelling) that can be used to support their young beneficiaries.,https://www.salto-youth.net/tools/european-training-calendar/training/hear-me-out-how-to-use-participatory-audio-for-supporting-young-people.14770/
14763,Seminar,Join our journey into “Minosia Labyrinth” – Learn and reflect on Migration and Inclusion!,5-10 June 2026,Berlin,Germany,2026-05-10,10 May 2026,"Germany, Greece, Romania, Spain",Be part of our four days training which includes experiencing our Educational Life Action Role Playing game on the topics of migration and inclusion.,https://www.salto-youth.net/tools/european-training-calendar/training/join-our-journey-into-minosia-labyrinth-learn-and-reflect-on-migration-and-inclusion.14763/
14835,E-learning,Active Youth's Promoters Academy: webinars for youth workers,11-15 May 2026,online,Italy,2026-05-10,10 May 2026,"Erasmus+ Youth Programme countries , Other countries in the world , Partner Countries Neighbouring the EU","A webinar series for youth workers exploring tools and methods to foster young people’s active participation, delivered by a transnational team of trainers.",https://www.salto-youth.net/tools/european-training-calendar/training/active-youth-s-promoters-academy-webinars-for-youth-workers.14835/
14825,E-learning,Building Safer Communities in Entertainment,11 May - 25 June 2026,Online,Bulgaria,2026-05-10,10 May 2026,Erasmus+ Youth Programme countries,"A free 8-session online training in May and June, designed for the people doing cultural work in LGBTI+ and women's communities: event organisers, festival teams, venue staff, artists, community managers, activists, cultural workers and performers.",https://www.salto-youth.net/tools/european-training-calendar/training/building-safer-communities-in-entertainment.14825/
14323,Training Course,Training for Trainers - Immersion Lab n. 2 - Creative Methods in Interactive Performance,9-16 June 2026,"Ribes de Freser, Girona",Spain,2026-05-11,11 May 2026,"Austria, Belgium - DE, Belgium - FL, Belgium - FR, Bulgaria, Croatia, Czech Republic, Denmark, Estonia, Finland, France, Germany, Greece, Hungary, Iceland, Ireland, Italy, Latvia, Liechtenstein, Lithuania, Luxembourg, Netherlands, Norway, Poland, Portugal, Republic of North Macedonia, Romania, Serbia, Slovak Republic, Slovenia, Spain, Sweden",IMMERSION LAB is a training-for-trainers program designed to strengthen the capacity of professionals to use performing arts and participatory tools in educational and creative settings to foster inclusion.,https://www.salto-youth.net/tools/european-training-calendar/training/training-for-trainers-immersion-lab-n-2-creative-methods-in-interactive-performance.14323/
14767,E-learning,The Polarities of Democracy: Learn from the Founder – Live Webinar with Dr. William Benet!,26 May 2026,Online,Bulgaria,2026-05-11,11 May 2026,"Erasmus+ Youth Programme countries , Other countries in the world , Partner Countries Neighbouring the EU","Online course on the Polarities of Democracy, starting with a webinar with Dr William Benet. Explore key democratic tensions, learn polarity thinking, and apply it to youth work. Followed by 5 webinars (June–Oct 2026) on key polarity pairs.",https://www.salto-youth.net/tools/european-training-calendar/training/the-polarities-of-democracy-learn-from-the-founder-live-webinar-with-dr-william-benet.14767/
14733,Partnership-building Activity,Interference: promoting an European network for community radios on social inclusion,25 June - 1 July 2026,Terrassa-Barcelona,Spain,2026-05-11,11 May 2026,Erasmus+ Youth Programme countries,"Interference is a partnership-building activity using radio for social inclusion. Youth workers share practices, co-create podcasts, and connect community media across Europe, fostering collaboration, synergies, and future joint projects.",https://www.salto-youth.net/tools/european-training-calendar/training/interference-promoting-an-european-network-for-community-radios-on-social-inclusion.14733/
14722,Training Course,Nature as a mentor: Shinrin-yoku in Youth Work Practices,12-19 July 2026,Dobczyce,Poland,2026-05-11,11 May 2026,"France, Greece, Italy, Lithuania, Poland, Portugal, Republic of North Macedonia, Romania","Training Course on shinrin-yoku in youth work. Explore practical, nature-based methods that support young people’s well-being, resilience, inclusion, and reflection through outdoor learning.",https://www.salto-youth.net/tools/european-training-calendar/training/nature-as-a-mentor-shinrin-yoku-in-youth-work-practices.14722/
14789,Training Course,The Stage of Change,15-24 June 2026,Zwardoń,Poland,2026-05-13,13 May 2026,"Austria, Belgium - DE, Belgium - FL, Belgium - FR, Bulgaria, Croatia, Cyprus, Czech Republic, Denmark, Estonia, Finland, France, Germany, Greece, Hungary, Iceland, Ireland, Italy, Latvia, Liechtenstein, Lithuania, Malta, Netherlands, Norway, Poland, Portugal, Republic of North Macedonia, Romania, Serbia, Slovak Republic, Slovenia, Spain, Sweden","Our Forum Theatre training course will empower youth workers with participatory theatre tools to explore social issues, challenge oppression, and facilitate dialogue.",https://www.salto-youth.net/tools/european-training-calendar/training/the-stage-of-change.14789/
14774,Training Course,Cycle up: Methodologies and tools for quality Project Management and Human Rights Education,26 May - 2 June 2026,Cercedilla,Spain,2026-05-13,13 May 2026,"Erasmus+ Youth Programme countries , Other countries in the world , Partner Countries Neighbouring the EU",Training of Trainers on Human Rights Education,https://www.salto-youth.net/tools/european-training-calendar/training/cycle-up-methodologies-and-tools-for-quality-project-management-and-human-rights-education.14774/
14832,E-learning,"Webinar: Digital Security for Changemakers: How to Protect Your Data, Communication & Impact",15 May 2026,Online,Ukraine,2026-05-13,13 May 2026,"Georgia, Germany, Poland, Ukraine","Online-webinar «Digital Security for Changemakers: How to Protect Your Data, Communication & Impact» for students, young people, youth workers, and anyone eager to master the art of digital self-defense from Ukraine, Germany, Poland and Georgia.",https://www.salto-youth.net/tools/european-training-calendar/training/webinar-digital-security-for-changemakers-how-to-protect-your-data-communication-impact.14832/
14717,Training Course,Keep it real! 2026,23-28 August 2026,Birštonas,Lithuania,2026-05-14,14 May 2026,"Armenia, Georgia, Moldova, Ukraine, Erasmus+ Youth Programme countries","""Keep it REAL! 2026"" will offer participants the opportunity to explore what it takes to write a solid Youth Exchange application. This course is primarily aimed at those with little or no experience in applying for international youth mobility grants.",https://www.salto-youth.net/tools/european-training-calendar/training/keep-it-real-2026.14717/
14803,Seminar,High Tides of Youth Participation (Participatory Seminar),3-10 June 2026,Genova,Italy,2026-05-14,14 May 2026,"Austria, Belgium - DE, Belgium - FL, Belgium - FR, Croatia, Czech Republic, Denmark, Estonia, Finland, Germany, Hungary, Iceland, Ireland, Latvia, Liechtenstein, Lithuania, Luxembourg, Malta, Norway, Portugal, Republic of North Macedonia, Romania, Serbia, Slovak Republic, Slovenia, Spain, Sweden","A participatory seminar on meaningful youth participation: exchange practices, explore methods, strengthen organizations and create sustainable partnerships across Europe. Please read carefully the infopack.",https://www.salto-youth.net/tools/european-training-calendar/training/high-tides-of-youth-participation-participatory-seminar.14803/
14732,Seminar,International Seminar: Fostering Accreditation E+ Youth KA1,5-9 July 2026,Rome,Italy,2026-05-14,14 May 2026,Erasmus+ Youth Programme countries,This seminar will bring together Accredited organisations in the field of youth and non-accredited organisations with relevant experience in youth field (KA1) who are interested in developing their approach and planning future scenarios.,https://www.salto-youth.net/tools/european-training-calendar/training/international-seminar-fostering-accreditation-e-youth-ka1.14732/
14751,Conference – Symposium - Forum,bOJA Symposium 2026 - Von Oida bis Online,22-24 November 2026,Wien,Austria,2026-05-15,15 May 2026,"Austria, Belgium - DE, Germany, Liechtenstein, Luxembourg, Switzerland","The 2026 bOJA Conference will focus on youth cultures and their diversity, and will explore open youth work as a space for these cultures (the activity is in German)",https://www.salto-youth.net/tools/european-training-calendar/training/boja-symposium-2026-von-oida-bis-online.14751/
14808,Training Course,Harmony Within: Empowering Self Care Practices for Youth Workers,15-21 June 2026,"Woodstown, County Waterford",Ireland,2026-05-15,15 May 2026,Erasmus+ Youth Programme countries,"Harmony Within is a transformative Training Course designed specifically for professionals working with young people. This Course focuses on fostering self-care, well-being, and resilience among youth workers",https://www.salto-youth.net/tools/european-training-calendar/training/harmony-within-empowering-self-care-practices-for-youth-workers.14808/
14778,Training Course,Social Theatre Social Media: Creating Digital Content,30 June - 8 July 2026,Brezice,Slovenia,2026-05-16,16 May 2026,"Croatia, France, Portugal, Serbia, Slovenia","A training course for youth workers on creating educational digital content through storytelling, theatre and audiovisual tools, to address social issues and make youth learning more engaging and inclusive.",https://www.salto-youth.net/tools/european-training-calendar/training/social-theatre-social-media-creating-digital-content.14778/
14666,Training Course,“ShiftWork — Non-formal Paths to Entrepreneurship”,19-26 June 2026,Malaga,Spain,2026-05-17,17 May 2026,"Austria, Germany, Italy, Portugal, Spain","Participants will deepen their understanding of entrepreneurship and entrepreneurial learning in non-formal education, explore practical tools and methods and gaine the skills to design and facilitate local-level entrepreneurial learning activities",https://www.salto-youth.net/tools/european-training-calendar/training/shiftwork-non-formal-paths-to-entrepreneurship.14666/
14708,Conference – Symposium - Forum,TEC FORUM 2026,7-11 September 2026,Vienna,Austria,2026-05-17,17 May 2026,"Eastern Partnership countries , Erasmus+ Youth Programme countries , Southern Mediterranean countries , Western Balkan countries","The TEC Forum 2026 is a space designed for trainers active in the European Solidarity Corps programme, as well as NA officers implementing the TEC learning cycle. Join us in shaping the future of TEC together!",https://www.salto-youth.net/tools/european-training-calendar/training/tec-forum-2026.14708/
14419,E-learning,Democracy Reloading Webinars 2026: Developing youth participation in municipal decisions,20 May 2026,online,Belgium - FR,2026-05-17,17 May 2026,"Eastern Partnership countries , Erasmus+ Youth Programme countries , Southern Mediterranean countries , Western Balkan countries",Four 90-minute webinars focusing on the four key competences for municipalities in developing youth participation in municipal decisions.,https://www.salto-youth.net/tools/european-training-calendar/training/democracy-reloading-webinars-2026-developing-youth-participation-in-municipal-decisions.14419/
14589,Conference – Symposium - Forum,SoliDARE - Meeting for organisations active in ESC in programme & partner countries,5-9 October 2026,Tallinn,Estonia,2026-05-17,17 May 2026,"Eastern Partnership countries , Erasmus+ Youth Programme countries , Southern Mediterranean countries , Western Balkan countries","SoliDARE community event in Tallinn brings together European Solidarity Corps organisations and practitioners to reconnect, exchange experiences, strengthen the ESC community, and help shape the future of EU volunteering.",https://www.salto-youth.net/tools/european-training-calendar/training/solidare-meeting-for-organisations-active-in-esc-in-programme-partner-countries.14589/
14545,Seminar,Generation Lab - practice lab on intergenerational solidarity and dialogue,26-30 October 2026,Malta,Malta,2026-05-17,17 May 2026,"Erasmus+ Youth Programme countries , Partner Countries Neighbouring the EU","A 3-day practice lab on intergenerational solidarity will allow (youth) professionals to reflect on, exchange, and analyse existing practices, in order to develop approaches better suited to current and future societal needs.",https://www.salto-youth.net/tools/european-training-calendar/training/generation-lab-practice-lab-on-intergenerational-solidarity-and-dialogue.14545/
14755,Training Course,Sound Atlas of Resilience,2-10 June 2026,Savigliano,Italy,2026-05-17,17 May 2026,"Austria, Belgium - DE, Belgium - FL, Belgium - FR, Bulgaria, Croatia, Cyprus, Czech Republic, Denmark, Estonia, Finland, France, Georgia, Germany, Greece, Hungary, Iceland, Ireland, Italy, Latvia, Liechtenstein, Lithuania, Luxembourg, Malta, Moldova, Netherlands, Norway, Poland, Portugal, Republic of North Macedonia, Romania, Serbia, Slovak Republic, Slovenia, Spain, Sweden, Switzerland, Ukraine, Western Balkan countries","A training course for youth workers active in the field of music, young people getting music education and musicians working with groups using nonformal education.",https://www.salto-youth.net/tools/european-training-calendar/training/sound-atlas-of-resilience.14755/
14746,Training Course,Sustainable ImPact 3,18-26 July 2026,Velké Pavlovice,Czech Republic,2026-05-17,17 May 2026,"Bosnia and Herzegovina, Czech Republic, France, Italy, Lithuania, Portugal, Romania, Spain","Sustainable ImPACT 3 is a training course in Czechia equipping youth workers with vital sustainability competencies. Focused on urban challenges, it provides practical and digital tools to teach sustainability, run events, and inspire local youth.",https://www.salto-youth.net/tools/european-training-calendar/training/sustainable-impact-3.14746/
14727,Partnership-building Activity,Need for NEET: Online speed dating,10 June 2026,online,Czech Republic,2026-05-17,17 May 2026,"Eastern Partnership countries , Erasmus+ Youth Programme countries , Southern Mediterranean countries , Western Balkan countries","Are you working with young people in NEET situation (not in education, employment, or training)? Looking for partners to collaborate on youth projects? Join our Speed dating for youth organizations and expand your network!",https://www.salto-youth.net/tools/european-training-calendar/training/need-for-neet-online-speed-dating.14727/
14670,E-learning,Online Youthpass Meeting for beneficiaries,19 May 2026,online,Germany,2026-05-18,18 May 2026,Erasmus+ Youth Programme countries,"Online meeting for programme beneficiaries to introduce and discuss Youthpass, as a tool to strenghten the learning and recognition in the EU youth programmes",https://www.salto-youth.net/tools/european-training-calendar/training/online-youthpass-meeting-for-beneficiaries.14670/
14807,Training Course,Voice and Action 4.0®️,8-16 June 2026,"Busteni, Prahova",Romania,2026-05-19,19 May 2026,"Austria, Belgium - DE, Belgium - FL, Belgium - FR, Bulgaria, Croatia, Cyprus, Czech Republic, Denmark, Estonia, Finland, France, Germany, Greece, Hungary, Iceland, Ireland, Italy, Latvia, Liechtenstein, Lithuania, Luxembourg, Malta, Netherlands, Norway, Poland, Portugal, Republic of North Macedonia, Romania, Serbia, Slovak Republic, Slovenia, Spain, Sweden, Switzerland",We aim to develop our capacity of understanding and promoting Youth participation.,https://www.salto-youth.net/tools/european-training-calendar/training/voice-and-action-4-0.14807/
14724,Training Course,TOGETHER,2-9 June 2026,Laguépie,France,2026-05-20,20 May 2026,Erasmus+ Youth Programme countries,"The ‘TOGETHER’ training course has been designed to share tools and methods for fostering cooperation and community living, and to help participants identify barriers to communication.",https://www.salto-youth.net/tools/european-training-calendar/training/together.14724/
14794,Training Course,The Entrepreneurial Process as a Learning Method,23-29 August 2026,Struga,Republic of North Macedonia,2026-05-20,20 May 2026,Erasmus+ Youth Programme countries,"The training presents the entrepreneurial process as a sequence of learning stages, including identifying needs, generating ideas, testing solutions, collaborating in teams, and reflecting on results.",https://www.salto-youth.net/tools/european-training-calendar/training/the-entrepreneurial-process-as-a-learning-method.14794/
14814,E-learning,"SoliDARE Meet-up #2:The lights & shadows of preparedness, 21st of May, 14:30 - 16:00 CET",21 May 2026,Zoom,Austria,2026-05-20,20 May 2026,"Erasmus+ Youth Programme countries , Other countries in the world , Partner Countries Neighbouring the EU","This meet-up will explore the concept of preparedness landing in our work, its consequences, its invitations, and its adequacy.",https://www.salto-youth.net/tools/european-training-calendar/training/solidare-meet-up-2-the-lights-shadows-of-preparedness-21st-of-may-14-30-16-00-cet.14814/
14819,Training Course,LIFE COMPASS,6-12 August 2026,Laumas Nature park,Latvia,2026-05-20,20 May 2026,"France, Greece, Latvia, Netherlands, Poland, Romania","We aim to focus on personal and professional growth through 8 life areas: health, emotions, relationships, social life, work, finances, personality, and vision, providing practical tools and self-awareness for youth work.",https://www.salto-youth.net/tools/european-training-calendar/training/life-compass.14819/
14615,Training Course,Healthy Volunteering And Local Activism 2 Youth Work,4-12 July 2026,"Brzeće, Kopaonik",Serbia,2026-05-21,21 May 2026,"Bulgaria, Estonia, Germany, Greece, Italy, Latvia, Republic of North Macedonia, Romania, Serbia, Slovenia","This training course supports youth workers in developing skills in non-formal education, youth engagement and community development, empowering them to promote active citizenship, volunteering and healthy lifestyles among young people.",https://www.salto-youth.net/tools/european-training-calendar/training/healthy-volunteering-and-local-activism-2-youth-work.14615/
14760,Training Course,COMPASS,5-14 June 2026,"Jeseníky mountains, Czechia",Czech Republic,2026-05-21,21 May 2026,"Erasmus+ Youth Programme countries , Partner Countries Neighbouring the EU","COMPASS is an 8-day, digital-free training in the Jeseníky Mountains, Czechia. It uses Adventure Education—like trekking and canoeing—to build personal resilience, master crisis management, and combat professional burnout for youth workers.",https://www.salto-youth.net/tools/european-training-calendar/training/compass.14760/
14723,Training Course,"Home, Sweet City",4-8 July 2026,Narva,Estonia,2026-05-21,21 May 2026,"Estonia, Latvia",A training for youth workers on strengthening the emotional connection of young people in the border cities of Estonia and Latvia.,https://www.salto-youth.net/tools/european-training-calendar/training/home-sweet-city.14723/
14805,Training Course,Gaming for climate chanCe,25 June - 1 July 2026,Palermo,Italy,2026-05-22,22 May 2026,"Austria, Belgium - DE, Belgium - FL, Belgium - FR, Bulgaria, Croatia, Cyprus, Czech Republic, Denmark, Estonia, Finland, France, Germany, Greece, Hungary, Iceland, Ireland, Italy, Latvia, Liechtenstein, Lithuania, Luxembourg, Malta, Netherlands, Norway, Poland, Portugal, Romania, Slovak Republic, Slovenia, Spain, Sweden, Switzerland","This activity centres on the hands-on testing and technical evaluation of four game prototypes — two analogue and two digital — developed as part of the project ""Gaming for Climate Change"".",https://www.salto-youth.net/tools/european-training-calendar/training/gaming-for-climate-chance.14805/
14822,E-learning,Talk it Out: Your Starter Kit for Real Connection,27 May 2026,online,Poland,2026-05-22,22 May 2026,Erasmus+ Youth Programme countries,"Free interactive webinar for young people, youth workers, educators, volunteers, and different peer leaders",https://www.salto-youth.net/tools/european-training-calendar/training/talk-it-out-your-starter-kit-for-real-connection.14822/
14725,Training Course,NowGen Volunteers NL 2026,5-9 October 2026,The Hague,Netherlands,2026-05-24,24 May 2026,"Erasmus+ Youth Programme countries , Partner Countries Neighbouring the EU","This activity brings former international volunteers together to reflect on their experience, shape future (policy) developments in European Volunteering and inspire them to continue making a positive change to society.",https://www.salto-youth.net/tools/european-training-calendar/training/nowgen-volunteers-nl-2026.14725/
14721,Training Course,Rural.exe,10-17 August 2026,Herľany,Slovak Republic,2026-05-25,25 May 2026,"Bulgaria, Italy, Luxembourg, Poland, Slovak Republic, Ukraine","Erasmus+ training on AI tools, digital innovation, and rural development. Participants will explore practical solutions for community impact, co-create activities, and strengthen skills to support youth engagement in rural areas.",https://www.salto-youth.net/tools/european-training-calendar/training/rural-exe.14721/
14780,E-learning,Online Conference • 26 May 2026 • 17:00-18:00 CET • Rewriting the Story • Erasmus+ KA2 • Empowering Youth Against Bullying • Storytelling and Gamified Approaches for Bullying Prevention in Youth Work,26 May 2026,Online,Spain,2026-05-25,25 May 2026,"Erasmus+ Youth Programme countries , Other countries in the world , Partner Countries Neighbouring the EU","Online conference on the topic of storytelling and gamified methods to prevent bullying, supporting youth workers in non-formal education to strengthen inclusion, social skills, and youth engagement.",https://www.salto-youth.net/tools/european-training-calendar/training/online-conference-26-may-2026-17-00-18-00-cet-rewriting-the-story-erasmus-ka2-empowering-youth-against-bullying-storytelling-and-gamified-approaches-for-bullying-prevention-in-youth-work.14780/
14785,Training Course,It’s a Love Story - Living Nonviolent Communication (NVC) in Youth Work,7-18 August 2026,Drusti,Latvia,2026-05-26,26 May 2026,"Czech Republic, Greece, Italy, Latvia, Poland, Romania, Slovenia, Spain","A space to move from knowing NVC to embodying it—through practice, honest reflection, and community support. Learn to stay connected in moments of stress and emotional intensity.",https://www.salto-youth.net/tools/european-training-calendar/training/it-s-a-love-story-living-nonviolent-communication-nvc-in-youth-work.14785/
14797,Seminar,Online ESC Community of Practices in South-Med - 2026,12 June - 23 September 2026,Online,France,2026-05-26,26 May 2026,"Erasmus+ Youth Programme countries , Southern Mediterranean countries","SALTO EuroMed is willing to reboot its ESC Community of Practices in 2026. This year, the idea is to expand the CoP to focus on volunteering and its impact on organisations, communities and volunteers.",https://www.salto-youth.net/tools/european-training-calendar/training/online-esc-community-of-practices-in-south-med-2026.14797/
14583,Training Course,"International Call - Training Course ""Music as a tool for youth growth"" in ITALY",14-22 June 2026,Viterbo,Italy,2026-05-28,28 May 2026,"Italy, Netherlands","Training Course "" Music as a tool for youth growth "" in Italy 14-22 June 2026 International call is open for participants from The Netherlands and Italy only",https://www.salto-youth.net/tools/european-training-calendar/training/international-call-training-course-music-as-a-tool-for-youth-growth-in-italy.14583/
14610,Training Course,OPEN INTERNATIONAL CALL Green Europe Bologna ITALY,14-22 June 2026,Bologna,Italy,2026-05-28,28 May 2026,"Italy, Netherlands","Open call only for participants Netherlands and Italy. Project will be held 14-22 JUNE 2026 in Bologna, ITALY",https://www.salto-youth.net/tools/european-training-calendar/training/open-international-call-green-europe-bologna-italy.14610/
14541,Training Course,Inclusive cities lenses : Introducing video intro youth work,5-10 October 2026,"Rustavi, Georgia",Georgia,2026-05-31,31 May 2026,"Armenia, France, Georgia, Greece","How can we make cities more sustainable, inclusive and fair and how can we adress this topic through video making ? By the end of the project, you won’t just talk about change - you will film it.",https://www.salto-youth.net/tools/european-training-calendar/training/inclusive-cities-lenses-introducing-video-intro-youth-work.14541/
14735,Training Course,PERMACULTURE MOVEMENT,30 July - 6 August 2026,Prenčov - Banská Štiavnica,Slovak Republic,2026-05-31,31 May 2026,"Austria, Estonia, France, Greece, Poland, Slovak Republic, Spain, Ukraine","Permaculture Movement aims to bring together people, communities and organizations which share dreams, knowledge and methodologies focused on sustainable, resilient futures, including art as a tool for change.",https://www.salto-youth.net/tools/european-training-calendar/training/permaculture-movement.14735/
14804,Training Course,ConnectYON Makers,26 July - 6 August 2026,Grzybów,Poland,2026-05-31,31 May 2026,"Croatia, Czech Republic, France, Germany, Greece, Hungary, Ireland, Italy, Poland, Romania, Slovenia, Spain","“ConnectYON Makers” is an international training course designed for youth workers, educators, and changemakers who want to explore innovative ways to connect with Yourself, Others, and Nature.",https://www.salto-youth.net/tools/european-training-calendar/training/connectyon-makers.14804/
14798,Partnership-building Activity,PBA Bridges for Future 2,2-8 August 2026,"KulturHaus, close to Bremen",Germany,2026-05-31,31 May 2026,"Erasmus+ Youth Programme countries , Partner Countries Neighbouring the EU","""Bridges for Future 2"" is a 7-day partnership-building activity aimed at ESC accredited organisations from Programme and Partner Countries. It is an opportunity to create new partnerships and share knowledge about the future of the ESC programme.",https://www.salto-youth.net/tools/european-training-calendar/training/pba-bridges-for-future-2.14798/
14821,Seminar,"""European Culture(s) of Remembrance - Edition: GREECE in Focus""",3-9 October 2026,Thessaloniki,Greece,2026-05-31,31 May 2026,Erasmus+ Youth Programme countries,"An event in the frame of the long-term series ""Venues of victims // Venues of perpetrators. Mapping, decoding & processing the role of historic – civic education in (European) Youth Work"".",https://www.salto-youth.net/tools/european-training-calendar/training/european-culture-s-of-remembrance-edition-greece-in-focus.14821/
14812,Conference – Symposium - Forum,'The Get Together' III: ‘Practitioner As Person’ – Connection and Recharge - Creating Meaningful Space and Time for YOU the person,23-28 October 2026,"NaturKultur, KulturHaus, (just outside of) Bremen, Germany",Germany,2026-05-31,31 May 2026,"Erasmus+ Youth Programme countries , Other countries in the world , Partner Countries Neighbouring the EU","'The Get Together' creates space and time for belonging and connection by prioritising the needs, interests and passions of YOU the human being as opposed to the duties, obligations and expectations of YOU the practitioner.",https://www.salto-youth.net/tools/european-training-calendar/training/the-get-together-iii-practitioner-as-person-connection-and-recharge-creating-meaningful-space-and-time-for-you-the-person.14812/
14792,Training Course,SEEDing – Nurturing the Ecological Self,26 July - 3 August 2026,Chatama protected area,Bulgaria,2026-06-01,1 June 2026,"Bulgaria, Romania","A training in ecocentric, nature-based youth work. We are going to expand our Ecological Self through the exploration of three fundamental concepts and nature-based educational approaches: Ecocentric Development, Deep Ecology and Outdoor Education.",https://www.salto-youth.net/tools/european-training-calendar/training/seeding-nurturing-the-ecological-self.14792/
14800,Seminar,Trash to treasure: introducing circular economy and green jobs in youth work,3 June 2026,online,France,2026-06-01,1 June 2026,"Erasmus+ Youth Programme countries , Other countries in the world , Partner Countries Neighbouring the EU",The Trash to Treasure consortium would like to offer you the opportunity to interact and exchange with organisations and companies whose mission is to promote the circular economy and encourage green jobs and green careers among young people,https://www.salto-youth.net/tools/european-training-calendar/training/trash-to-treasure-introducing-circular-economy-and-green-jobs-in-youth-work.14800/
14795,Training Course,"""INGAME"" – Training Course",25 June - 3 July 2026,Tallinn,Estonia,2026-06-01,1 June 2026,"Estonia, Finland, Germany, Latvia, Lithuania, Poland, Portugal","INGAME is an international training course on gamification in non-formal education, bringing together youth workers to develop facilitation skills, create educational games, and promote interactive learning.",https://www.salto-youth.net/tools/european-training-calendar/training/ingame-training-course.14795/
14787,E-learning,Problem Solving and Digital Tools in Digital Projects,11-18 June 2026,Online,Portugal,2026-06-04,4 June 2026,"Erasmus+ Youth Programme countries , Other countries in the world , Partner Countries Neighbouring the EU",This training course provides a comprehensive overview of the digital tools and technologies essential for modern project management. The course will be held only on Thursdays.,https://www.salto-youth.net/tools/european-training-calendar/training/problem-solving-and-digital-tools-in-digital-projects.14787/
14515,Training Course,TOP: Trainers' workshop on preparedness,24-29 August 2026,Korbielów,Poland,2026-06-07,7 June 2026,"Eastern Partnership countries , Erasmus+ Youth Programme countries , Southern Mediterranean countries , Western Balkan countries","This is not a course about ticking the “preparedness” box. This is a space to ask uncomfortable questions, challenge assumptions, and think about what it means to be ready and prepared.",https://www.salto-youth.net/tools/european-training-calendar/training/top-trainers-workshop-on-preparedness.14515/
14823,Training Course,SOFT: The Subtle Art of Facilitation- 2nd Edition,26 October - 1 November 2026,Weimar,Germany,2026-06-07,7 June 2026,Erasmus+ Youth Programme countries,"We are inviting facilitators, educators, trainers and others involved in the facilitation of learning to join “SOFT: The Subtle Art of Facilitation -2nd Edition”, 26.10. - 01.11.2026 | Weimar (Germany) & 05.-11.04.2027 | Torre dell'Orso (Italy)",https://www.salto-youth.net/tools/european-training-calendar/training/soft-the-subtle-art-of-facilitation-2nd-edition.14823/
14764,Training Course,"Training course ""Dive into youth participation in Sports sector""",14-17 September 2026,Vierumäki,Finland,2026-06-08,8 June 2026,"Erasmus+ Youth Programme countries , Western Balkan countries","Are you involved in a grassroots sports organisation with a youth department, or in a sports club working with junior athletes? Would you like to give young members a stronger voice and role in your club’s activities and development?",https://www.salto-youth.net/tools/european-training-calendar/training/training-course-dive-into-youth-participation-in-sports-sector.14764/
14729,Training Course,Sapounofouska Playful Learning Fest,26-28 June 2026,,Greece,2026-06-08,8 June 2026,"Finland, Greece, Russian Federation, Spain, Southern Mediterranean countries","A 3-day outdoor experience for youth and educators combining STEAM, theatre, music-and-movement play, improv, group activities, nature, picnic, and party, ending each day with a hands-on 5E-based workshop. The working language will be English.",https://www.salto-youth.net/tools/european-training-calendar/training/sapounofouska-playful-learning-fest.14729/
14709,Seminar,Erasmus4Democracy ProjectLab,31 August - 5 September 2026,tbc,Bulgaria,2026-06-15,15 June 2026,"Armenia, Morocco, Tunisia, Ukraine, Erasmus+ Youth Programme countries",Are you working to improve municipal youth participation and local democracy? Do you want to find other municipal partners to design Erasmus+ projects for developing youth participation in municipal decisions?,https://www.salto-youth.net/tools/european-training-calendar/training/erasmus4democracy-projectlab.14709/
14781,Training Course,RESPROUT OUR ROOTS : More-than-human and Imagination,5-16 October 2026,Piegros-la-Clastre,France,2026-06-18,18 June 2026,Erasmus+ Youth Programme countries,"This TC will be a laboratory where we will examine our relationship with what is often called “nature” and explore the possibility of resprouting our roots thanks to imagination, reflection, non-formal tools, research on rituals, and artistic practices.",https://www.salto-youth.net/tools/european-training-calendar/training/resprout-our-roots-more-than-human-and-imagination.14781/
14809,E-learning,BETTER MINDS Egypt | A Journey Towards Mental Health and Well-Being,3-6 July 2026,Alexandria,Egypt,2026-06-20,20 June 2026,"Erasmus+ Youth Programme countries , Other countries in the world , Partner Countries Neighbouring the EU","Over the 4-day training program, We will focus on the importance of mental health for young people who travel, volunteer or work with people from different cultures.",https://www.salto-youth.net/tools/european-training-calendar/training/better-minds-egypt-a-journey-towards-mental-health-and-well-being.14809/
14788,Seminar,International Solidarity Project Meet-Up 2026,14-18 September 2026,Warsaw,Poland,2026-06-30,30 June 2026,"Austria, Belgium - DE, Belgium - FL, Belgium - FR, Bulgaria, Croatia, Cyprus, Czech Republic, Denmark, Estonia, Finland, France, Germany, Greece, Hungary, Iceland, Ireland, Italy, Latvia, Liechtenstein, Lithuania, Luxembourg, Malta, Netherlands, Poland, Portugal, Republic of North Macedonia, Romania, Slovak Republic, Slovenia, Spain, Sweden, Türkiye",The “International Solidarity Project Meet-Up” is an international meeting for national Solidarity Projects and their team members. It will bring together young people who are implementing or have implemented a Solidarity Project.,https://www.salto-youth.net/tools/european-training-calendar/training/international-solidarity-project-meet-up-2026.14788/
14631,Training Course,Media Education Academy,1-8 October 2026,Comaruga,Spain,2026-07-03,3 July 2026,"Austria, Belgium - DE, Belgium - FL, Belgium - FR, Bulgaria, Croatia, Cyprus, Czech Republic, Denmark, Estonia, Finland, France, Germany, Greece, Hungary, Iceland, Ireland, Italy, Latvia, Liechtenstein, Lithuania, Luxembourg, Malta, Moldova, Netherlands, Norway, Poland, Portugal, Republic of North Macedonia, Romania, Serbia, Slovak Republic, Slovenia, Spain, Sweden, Switzerland, Ukraine, Western Balkan countries","Media Education Academy is an Erasmus+ project helping educators develop media literacy, critical thinking, and digital safety skills through practical, game-based methods to navigate misinformation and online challenges.",https://www.salto-youth.net/tools/european-training-calendar/training/media-education-academy.14631/
14331,Training Course,Creating something that doesn't yet exist it has to be the ambition of all who are alive - 28° National Week of the Method of Liberation and Conscientization by Paulo Freire,17-22 August 2026,Parma,Italy,2026-07-15,15 July 2026,"Erasmus+ Youth Programme countries , Other countries in the world , Partner Countries Neighbouring the EU","A week with the method of the Brazilian pedagogist Paulo Freire, according to the reworking and adaptation carried out by Gino Piccio",https://www.salto-youth.net/tools/european-training-calendar/training/creating-something-that-doesn-t-yet-exist-it-has-to-be-the-ambition-of-all-who-are-alive-28-national-week-of-the-method-of-liberation-and-conscientization-by-paulo-freire.14331/
14521,Training Course,The Power of Non Formal Education in French / Le Pouvoir de l'éducation non formelle,29 September - 4 October 2026,Rochefort-en-Terre,France,2026-07-17,17 July 2026,Erasmus+ Youth Programme countries,"Training in French. Improving impact of Non Formal Education (NFE). Améliorer l'impact, les principes et les méthodes de l'ENF pour inviter les jeunes à être acteurs de changements sociaux. Repenser nos pratiques, en français.",https://www.salto-youth.net/tools/european-training-calendar/training/the-power-of-non-formal-education-in-french-le-pouvoir-de-l-ducation-non-formelle.14521/
14620,Training Course,The Playbook for Inclusion: Socio-Sports Leadership,2-10 September 2026,Llinars del vallés,Spain,2026-07-22,22 July 2026,"Algeria, Armenia, Austria, Azerbaijan, Belgium - DE, Belgium - FL, Belgium - FR, Bosnia and Herzegovina, Bulgaria, Croatia, Cyprus, Czech Republic, Denmark, Egypt, Estonia, Finland, France, Georgia, Germany, Greece, Hungary, Italy, Jordan, Latvia, Liechtenstein, Lithuania, Luxembourg, Morocco, Netherlands, Norway, Palestine, Poland, Portugal, Republic of North Macedonia, Romania, Serbia, Slovak Republic, Slovenia, Spain, Sweden, Switzerland, Tunisia, Türkiye, Ukraine",Focus on suppot young sport educator who want to use sport as a tool of inclusion. To promote diversity in sports and increase awareness of gender equality. Aimed for youth NGO that work with non-formal education for youth empowerment.,https://www.salto-youth.net/tools/european-training-calendar/training/the-playbook-for-inclusion-socio-sports-leadership.14620/
14467,E-learning,Belarus in Erasmus+ & European Solidarity Corps: Consultations for Belarusian Youth and Potential Partners,1 August - 1 December 2026,,Belarus,2026-07-30,30 July 2026,"Eastern Partnership countries , Erasmus+ Youth Programme countries",Are you a young person from Belarus interested in Erasmus+ or the ESC volunteering? Or an organization interested in working with Belarus but unsure how to navigate the current context? Get a consultation with clear guidance and support.,https://www.salto-youth.net/tools/european-training-calendar/training/belarus-in-erasmus-european-solidarity-corps-consultations-for-belarusian-youth-and-potential-partners.14467/
14513,Partnership-building Activity,PBA Make the Move for Green Inclusion V,19-24 October 2026,Novi Sad,Serbia,2026-08-29,29 August 2026,Erasmus+ Youth Programme countries,"PBA is organised to find good reliable partners for youth exchanges with a focus on inclusion and ""green"" and to understand the needs for a YE of good quality. For this time, youth workers and young people from same structures will come together.",https://www.salto-youth.net/tools/european-training-calendar/training/pba-make-the-move-for-green-inclusion-v.14513/
11591,E-learning,Youth+: How to help youth with fewer/less opportunities grow in volunteering projects,14 October 2032 - 1 October 2033,,Hungary,2032-09-30,30 September 2032,"Erasmus+ Youth Programme countries , Other countries in the world , Partner Countries Neighbouring the EU","An online course for youth workers to learn: - how to approach a group of youth with fewer opportunities, - how to involve them, to create their own volunteering project to help a community in need, - how to train, coach, mentor and support them.",https://www.salto-youth.net/tools/european-training-calendar/training/youth-how-to-help-youth-with-fewer-less-opportunities-grow-in-volunteering-projects.11591/
